Workbook

Sheet Applicants
A1: Applicant_ID | B1: Name | C1: Age | D1: Annual_Income (INR) | E1: Credit_Score | F1: Employment_Years | G1: Existing_Monthly_EMI (INR) | H1: Loan_Amount (INR) | I1: Loan_Term_Years | J1: Monthly_Income (INR) | K1: Proposed_EMI (INR) | L1: DTI (total EMI / income) | M1: Loan_to_Income (x) | N1: Credit_Band | O1: DTI_Band | P1: Past_Decision (label)
A2: APP001 | B2: Aarav Sharma | C2: 28 | D2: 1280000 | E2: 774 | F2: 3 | G2: 0 | H2: 3350000 | I2: 7 | J2: =D2/12 -> 106666.67 | K2: =-PMT(Assumptions!$B$2/12,I2*12,H2) -> 56483.255 | L2: =(G2+K2)/J2 -> 0.52953052 | M2: =H2/D2 -> 2.6171875 | N2: =IF(E2>=Assumptions!$B$3,"Excellent",IF(E2>=Assumptions!$B$4,"Good",IF(E2>=Assumptions!$B$5,"Fair","Poor"))) -> Excellent | O2: =IF(L2<=Assumptions!$B$6,"Low",IF(L2<=Assumptions!$B$7,"Moderate","High")) -> High | P2: Rejected
A3: APP002 | B3: Priya Nair | C3: 25 | D3: 720000 | E3: 768 | F3: 1 | G3: 0 | H3: 1300000 | I3: 10 | J3: =D3/12 -> 60000 | K3: =-PMT(Assumptions!$B$2/12,I3*12,H3) -> 17541.55 | L3: =(G3+K3)/J3 -> 0.29235916 | M3: =H3/D3 -> 1.8055556 | N3: =IF(E3>=Assumptions!$B$3,"Excellent",IF(E3>=Assumptions!$B$4,"Good",IF(E3>=Assumptions!$B$5,"Fair","Poor"))) -> Excellent | O3: =IF(L3<=Assumptions!$B$6,"Low",IF(L3<=Assumptions!$B$7,"Moderate","High")) -> Low | P3: Approved
A4: APP003 | B4: Rohan Mehta | C4: 32 | D4: 320000 | E4: 659 | F4: 7 | G4: 1500 | H4: 800000 | I4: 15 | J4: =D4/12 -> 26666.667 | K4: =-PMT(Assumptions!$B$2/12,I4*12,H4) -> 8843.1914 | L4: =(G4+K4)/J4 -> 0.38786968 | M4: =H4/D4 -> 2.5 | N4: =IF(E4>=Assumptions!$B$3,"Excellent",IF(E4>=Assumptions!$B$4,"Good",IF(E4>=Assumptions!$B$5,"Fair","Poor"))) -> Fair | O4: =IF(L4<=Assumptions!$B$6,"Low",IF(L4<=Assumptions!$B$7,"Moderate","High")) -> Moderate | P4: Rejected
A5: APP004 | B5: Ananya Iyer | C5: 37 | D5: 830000 | E5: 713 | F5: 8 | G5: 9000 | H5: 1200000 | I5: 20 | J5: =D5/12 -> 69166.667 | K5: =-PMT(Assumptions!$B$2/12,I5*12,H5) -> 11980.559 | L5: =(G5+K5)/J5 -> 0.30333338 | M5: =H5/D5 -> 1.4457831 | N5: =IF(E5>=Assumptions!$B$3,"Excellent",IF(E5>=Assumptions!$B$4,"Good",IF(E5>=Assumptions!$B$5,"Fair","Poor"))) -> Good | O5: =IF(L5<=Assumptions!$B$6,"Low",IF(L5<=Assumptions!$B$7,"Moderate","High")) -> Moderate | P5: Approved
A6: APP005 | B6: Vikram Singh | C6: 42 | D6: 450000 | E6: 776 | F6: 12 | G6: 3000 | H6: 900000 | I6: 7 | J6: =D6/12 -> 37500 | K6: =-PMT(Assumptions!$B$2/12,I6*12,H6) -> 15174.606 | L6: =(G6+K6)/J6 -> 0.48465616 | M6: =H6/D6 -> 2 | N6: =IF(E6>=Assumptions!$B$3,"Excellent",IF(E6>=Assumptions!$B$4,"Good",IF(E6>=Assumptions!$B$5,"Fair","Poor"))) -> Excellent | O6: =IF(L6<=Assumptions!$B$6,"Low",IF(L6<=Assumptions!$B$7,"Moderate","High")) -> High | P6: Rejected
A7: APP006 | B7: Sneha Reddy | C7: 35 | D7: 820000 | E7: 694 | F7: 9 | G7: 0 | H7: 1900000 | I7: 10 | J7: =D7/12 -> 68333.333 | K7: =-PMT(Assumptions!$B$2/12,I7*12,H7) -> 25637.649 | L7: =(G7+K7)/J7 -> 0.37518511 | M7: =H7/D7 -> 2.3170732 | N7: =IF(E7>=Assumptions!$B$3,"Excellent",IF(E7>=Assumptions!$B$4,"Good",IF(E7>=Assumptions!$B$5,"Fair","Poor"))) -> Fair | O7: =IF(L7<=Assumptions!$B$6,"Low",IF(L7<=Assumptions!$B$7,"Moderate","High")) -> Moderate | P7: Approved
A8: APP007 | B8: Arjun Patel | C8: 30 | D8: 800000 | E8: 726 | F8: 6 | G8: 9000 | H8: 1350000 | I8: 7 | J8: =D8/12 -> 66666.667 | K8: =-PMT(Assumptions!$B$2/12,I8*12,H8) -> 22761.909 | L8: =(G8+K8)/J8 -> 0.47642863 | M8: =H8/D8 -> 1.6875 | N8: =IF(E8>=Assumptions!$B$3,"Excellent",IF(E8>=Assumptions!$B$4,"Good",IF(E8>=Assumptions!$B$5,"Fair","Poor"))) -> Good | O8: =IF(L8<=Assumptions!$B$6,"Low",IF(L8<=Assumptions!$B$7,"Moderate","High")) -> High | P8: Rejected
A9: APP008 | B9: Kavya Menon | C9: 29 | D9: 320000 | E9: 692 | F9: 7 | G9: 1500 | H9: 700000 | I9: 15 | J9: =D9/12 -> 26666.667 | K9: =-PMT(Assumptions!$B$2/12,I9*12,H9) -> 7737.7925 | L9: =(G9+K9)/J9 -> 0.34641722 | M9: =H9/D9 -> 2.1875 | N9: =IF(E9>=Assumptions!$B$3,"Excellent",IF(E9>=Assumptions!$B$4,"Good",IF(E9>=Assumptions!$B$5,"Fair","Poor"))) -> Fair | O9: =IF(L9<=Assumptions!$B$6,"Low",IF(L9<=Assumptions!$B$7,"Moderate","High")) -> Moderate | P9: Approved
A10: APP009 | B10: Rahul Verma | C10: 39 | D10: 780000 | E10: 749 | F10: 16 | G10: 12500 | H10: 1750000 | I10: 5 | J10: =D10/12 -> 65000 | K10: =-PMT(Assumptions!$B$2/12,I10*12,H10) -> 37614.326 | L10: =(G10+K10)/J10 -> 0.77098963 | M10: =H10/D10 -> 2.2435897 | N10: =IF(E10>=Assumptions!$B$3,"Excellent",IF(E10>=Assumptions!$B$4,"Good",IF(E10>=Assumptions!$B$5,"Fair","Poor"))) -> Good | O10: =IF(L10<=Assumptions!$B$6,"Low",IF(L10<=Assumptions!$B$7,"Moderate","High")) -> High | P10: Rejected
A11: APP010 | B11: Neha Gupta | C11: 45 | D11: 670000 | E11: 691 | F11: 3 | G11: 4500 | H11: 300000 | I11: 15 | J11: =D11/12 -> 55833.333 | K11: =-PMT(Assumptions!$B$2/12,I11*12,H11) -> 3316.1968 | L11: =(G11+K11)/J11 -> 0.13999158 | M11: =H11/D11 -> 0.44776119 | N11: =IF(E11>=Assumptions!$B$3,"Excellent",IF(E11>=Assumptions!$B$4,"Good",IF(E11>=Assumptions!$B$5,"Fair","Poor"))) -> Fair | O11: =IF(L11<=Assumptions!$B$6,"Low",IF(L11<=Assumptions!$B$7,"Moderate","High")) -> Low | P11: Approved
A12: APP011 | B12: Karan Malhotra | C12: 36 | D12: 1240000 | E12: 718 | F12: 9 | G12: 12000 | H12: 600000 | I12: 10 | J12: =D12/12 -> 103333.33 | K12: =-PMT(Assumptions!$B$2/12,I12*12,H12) -> 8096.0998 | L12: =(G12+K12)/J12 -> 0.19447839 | M12: =H12/D12 -> 0.48387097 | N12: =IF(E12>=Assumptions!$B$3,"Excellent",IF(E12>=Assumptions!$B$4,"Good",IF(E12>=Assumptions!$B$5,"Fair","Poor"))) -> Good | O12: =IF(L12<=Assumptions!$B$6,"Low",IF(L12<=Assumptions!$B$7,"Moderate","High")) -> Low | P12: Approved
A13: APP012 | B13: Divya Krishnan | C13: 25 | D13: 430000 | E13: 713 | F13: 0 | G13: 0 | H13: 350000 | I13: 10 | J13: =D13/12 -> 35833.333 | K13: =-PMT(Assumptions!$B$2/12,I13*12,H13) -> 4722.7249 | L13: =(G13+K13)/J13 -> 0.13179697 | M13: =H13/D13 -> 0.81395349 | N13: =IF(E13>=Assumptions!$B$3,"Excellent",IF(E13>=Assumptions!$B$4,"Good",IF(E13>=Assumptions!$B$5,"Fair","Poor"))) -> Good | O13: =IF(L13<=Assumptions!$B$6,"Low",IF(L13<=Assumptions!$B$7,"Moderate","High")) -> Low | P13: Approved
... A21: APP020 | B21: Meera Pillai | C21: 31 | D21: 1070000 | E21: 703 | F21: 9 | G21: 14000 | H21: 1450000 | I21: 15 | J21: =D21/12 -> 89166.667 | K21: =-PMT(Assumptions!$B$2/12,I21*12,H21) -> 16028.284 | L21: =(G21+K21)/J21 -> 0.33676581 | M21: =H21/D21 -> 1.3551402 | N21: =IF(E21>=Assumptions!$B$3,"Excellent",IF(E21>=Assumptions!$B$4,"Good",IF(E21>=Assumptions!$B$5,"Fair","Poor"))) -> Good | O21: =IF(L21<=Assumptions!$B$6,"Low",IF(L21<=Assumptions!$B$7,"Moderate","High")) -> Moderate | P21: Approved
A23: Blue font = input numbers you can edit. White-on-light-blue headers (J:O) = formulas that update automatically. Past_Decision = historical label used to train the ML model.

Sheet Assumptions
A1: Parameter | B1: Value | C1: Used for
A2: Annual interest rate | B2: 0.105 | C2: Proposed EMI = PMT(rate/12, term x 12, loan)
A3: Credit band: Excellent from (score) | B3: 750 | C3: Credit_Band
A4: Credit band: Good from (score) | B4: 700 | C4: Credit_Band
A5: Credit band: Fair from (score) | B5: 650 | C5: Credit_Band (below this = Poor)
A6: DTI band: Low up to | B6: 0.3 | C6: DTI_Band
A7: DTI band: Moderate up to | B7: 0.4 | C7: DTI_Band (above this = High)
A8: Rule 1: minimum credit score | B8: 650 | C8: Traditional rule-based decision
A9: Rule 2: maximum DTI (total EMI / monthly income) | B9: 0.4 | C9: Traditional rule-based decision
A10: Rule 3: minimum employment (years) | B10: 2 | C10: Traditional rule-based decision
A11: Rule 4: maximum Loan-to-Income (x annual income) | B11: 4 | C11: Traditional rule-based decision
A13: Blue = editable input. Change any value here (or on the Applicants sheet) and all dependent columns recalculate.
